ID,latitude,longitude
0,-22.481797087959308,-45.59889898532457
1,-22.561752498010446,-45.65372815726591
2,-23.199113160194567,-47.064822227587065
3,-23.703180265460766,-46.82750939079841
4,-22.518833836019375,-45.64820701318798
5,-23.786077189031065,-46.6952140889193
6,-23.35895963475212,-47.047253652569474
7,-22.466920932561283,-45.62695214386636
8,-23.518282721246784,-46.71102226042578
9,-23.143460786397753,-47.145375779619044
10,-23.84493406869262,-46.62085801655815
11,-23.638746837917793,-46.583243083602945
12,-23.43278723661669,-47.035033777576594
13,-22.41708005100935,-45.72204571318924
14,-22.3883571767016,-45.59680127092645
15,-22.602705691814005,-45.70010652368767
16,-23.14375727727703,-46.957768956382424
17,-22.657716942661676,-45.86302745882889
18,-22.643355430624716,-45.80786388916031
19,-23.39391755911774,-46.99763274800128
20,-23.726920966603537,-46.532788707614614
21,-22.370443646496074,-45.77127451368282
22,-23.797630488884913,-46.48097669864767
23,-23.737510375458793,-46.43659721910678
24,-23.598977250856024,-47.12609587333462
25,-23.051666933047432,-46.97102308663662
26,-23.78215092889123,-46.6511250483736
27,-23.233154071167064,-47.09010685577713
28,-22.55633790669272,-45.539746828745486
29,-22.5439628417224,-45.786220778563454
30,-23.452250584981673,-46.544433741777844
31,-22.617497187548164,-45.66980877011853
32,-23.652919880274737,-46.49904905933724
33,-23.545384228465426,-46.79598417348357
34,-22.420689843545855,-45.69476963451111
35,-23.3646048235701,-47.097575641244056
36,-23.23442800496718,-47.01558112726123
37,-23.814624800608293,-46.6364567651406
38,-22.606796160786395,-45.655838102224926
39,-23.319154917945273,-46.9913334557596
40,-23.424098089191492,-47.00777503514667
41,-22.47616008914059,-45.84765731848061
42,-23.76180282391078,-46.65764555812559
43,-23.563833015957393,-46.502258471097
44,-23.43422360075115,-47.13482613000124
45,-22.55985525630416,-45.56221854417672
46,-22.597776236082257,-45.82247055135682
47,-22.39658522908046,-45.75764144434956
48,-23.671782557167905,-46.56628067994438
49,-23.766243558048856,-46.61146507824392
50,-23.117722691734187,-46.94083860604914
51,-23.146093083111744,-46.935924762038255
52,-22.451478368447823,-45.944988538173824
53,-22.377925022439744,-45.88963802812266
54,-23.23734095713565,-47.05315809733987
55,-23.443237879150622,-46.5738451950731
56,-23.386951121040372,-47.01609602238224
57,-22.473850738917523,-45.57978870170676
58,-23.45788165635975,-46.934014692094344
59,-23.2775176588709,-47.061023922382724
60,-23.271216388378942,-46.85342649993213
61,-23.396521422641317,-46.63108768764554
62,-23.118609717083597,-47.12378721668801
63,-22.635335136420213,-45.74023457370791
64,-23.324057498035135,-47.14180541139142
65,-23.219328726991623,-46.96718240069891
66,-23.60764127172897,-46.49839488557926
67,-22.46883231217637,-45.64707422498281
68,-23.049927628855258,-46.96588273709655
69,-22.607117824183415,-45.74207917970109
70,-23.480269713285928,-46.98584174851343
71,-23.601528380176617,-46.63596708465051
72,-23.76649469757861,-46.64464435105588
73,-22.29025000560408,-45.6888259729175
74,-23.321792140830226,-47.01533893846144
75,-23.526631415848293,-46.46800940592732
76,-23.087286728737052,-47.20362869878039
77,-23.640539507142663,-46.77495349467084
78,-23.49562864566792,-46.56894364787224
79,-23.599924032402804,-46.56861307483241
80,-22.997058029015758,-47.01656969718748
81,-23.168667291978963,-46.9623548868128
82,-23.37196767001199,-47.105980067883905
83,-22.589192983914995,-45.56378171103912
84,-22.498855857086344,-45.66638957404769
85,-22.534271514934975,-45.72095336072821
86,-23.906799310452588,-46.73285817331737
87,-23.068444414613424,-47.25278024962753
88,-22.406660488679528,-45.705824114859794
89,-22.466063900080606,-45.70140591837098
90,-22.395250126792554,-45.51878548834369
91,-22.61978225912896,-45.798499558275864
92,-23.805114165774864,-46.655042776067965
93,-23.23472611298805,-46.954729922193806
94,-22.492498622293493,-45.63771024330471
95,-23.5521268654037,-46.87993513032854
96,-23.249609751536916,-46.92344206650768
97,-23.80044814053681,-46.36276186852529
98,-22.55001241107829,-45.73280786305084
99,-22.43657198367212,-45.56122824370964
100,-22.529079851158073,-45.6977067893492
101,-22.741377330184953,-45.602845506871994
102,-22.58164791184613,-45.574986473467206
103,-23.365359186318585,-46.94485449233775
104,-23.731162771204442,-46.400157023247075
105,-22.44957319120068,-45.91563377798478
106,-23.1288237729149,-47.04105518379307
107,-23.872536763515924,-46.42629054844116
108,-22.617577992705286,-45.710878490472446
109,-23.32705972739246,-46.88600104955907
110,-23.713548727555935,-46.72898652242399
111,-22.639573610234486,-45.80222229217367
112,-23.2612355140346,-46.96820870492984
113,-22.567055493471006,-45.622405124941146
114,-23.22049048467744,-46.90191415290785
115,-23.48849511859432,-47.120805324992865
116,-22.371241701761146,-45.78352469949994
117,-22.455034594223186,-45.57343959849362
118,-22.555446919097292,-45.73067445228852
119,-22.65393179869262,-45.76564350759462
120,-23.487714009927814,-46.60588661849562
121,-22.527092093427278,-45.63256889143676
122,-23.22901057224961,-47.096485488502616
123,-23.71014408559661,-46.665943136994464
124,-22.87917650293216,-46.77617984306191
125,-23.1301245298605,-47.06801614386523
126,-23.658018844766826,-46.52811767721202
127,-23.165215697446392,-47.11445082485717
128,-23.452829004106263,-46.63166606784859
129,-23.142654798998723,-47.179929495120696
130,-22.46950954746077,-45.7297530953709
131,-23.16290139537009,-46.96747497054815
132,-22.554384781837093,-45.60206399082823
133,-23.77704798430225,-46.470333646292715
134,-23.618714052943623,-46.613581464652185
135,-22.51984003914203,-45.55652754546546
136,-23.195425504736193,-47.03620713387063
137,-23.23199033145736,-47.04914835002742
138,-22.399894485355524,-45.65666041122862
139,-23.693763668859898,-46.490706382852736
140,-22.502526871875798,-45.61733290155635
141,-23.380266186671523,-47.05443789086366
142,-22.329870176327635,-45.69595826034008
143,-23.81206376140065,-46.55009568481739
144,-22.695859073743982,-45.61736763183205
145,-23.256139980331902,-46.94509415332795
146,-22.480991839972432,-45.922372861509906
147,-22.47017535120789,-45.73355634571608
148,-22.503049092336152,-45.7295654774921
149,-23.4278832852311,-46.64384305811236
150,-23.74281874641004,-46.5581262840115
151,-23.34488021901393,-47.121820060783854
152,-22.441744084344535,-45.86428120751797
153,-22.41599944900645,-45.779519836768216
154,-23.116613159834262,-47.160149380597446
155,-23.7407406620705,-46.51647738183778
156,-23.485188126781527,-47.1209888121024
157,-22.457064487844097,-45.71749917128955
158,-22.33280785715146,-45.65185751412114
159,-22.611224776938375,-45.7720448178671
160,-23.441334950253484,-47.025325605677565
161,-23.710540129935485,-46.641056646628854
162,-23.636156737335938,-46.582219609273096
163,-23.495866462375375,-46.95535067600647
164,-22.679314099247637,-45.68487443982996
165,-23.28528664765472,-47.08283828641904
166,-22.953499852008697,-47.13124887045853
167,-23.30140751853014,-47.148155121482574
168,-23.790482179366848,-46.459567436151126
169,-23.57483450271005,-47.02088747738866
170,-23.700869170514274,-46.513363044573374
171,-23.092365586005208,-47.01681090099027
172,-22.58678246348158,-45.78031762507785
173,-22.602500399878092,-45.50380378637841
174,-23.113342997417963,-47.01288183833348
175,-23.658625408957764,-46.37698173702657
176,-23.115649788131023,-47.165351138620785
177,-23.85576684971329,-46.73043043887103
178,-23.424604206115067,-46.56966840121114
179,-23.730318600489866,-46.72959859205613
180,-23.19800354609954,-47.084783888181626
181,-23.889897992373804,-46.66958554103477
182,-23.024681881691635,-47.09865936030299
183,-23.127705787784446,-46.88486672317713
184,-23.34652774283016,-47.06350294206978
185,-23.452643495694,-46.56214822148482
186,-23.22362627077462,-46.97610571433776
187,-23.767666806755404,-46.50149365981074
188,-23.023768604058432,-47.0561733368497
189,-22.453961570181534,-45.52950640800119
190,-22.467894763802697,-45.61904818482688
191,-23.62182635233389,-46.56923950317822
192,-22.4315844882465,-45.453917610020966
193,-22.414222801851043,-45.720273472873366
194,-22.80662868518979,-45.91399406562746
195,-22.527142277547803,-45.772707414340516
196,-22.62236591792366,-45.58402094581107
197,-23.144370850580085,-46.82466616402899
198,-23.59696648615723,-46.475990797435465
199,-22.541348813913963,-45.83932581549369
200,-23.33855902355651,-47.06366927041625
201,-23.626758645936825,-46.59168945880722
202,-22.61048555093363,-45.63608097938037
203,-23.55021485143204,-46.58060337731552
204,-22.524938080749504,-45.8565333964009
205,-23.579688458726714,-46.54316355298559
206,-23.65353862902092,-46.5733429883613
207,-23.998128688094727,-46.5549572372906
208,-23.19849358146978,-46.89704651045321
209,-22.594427215712614,-45.70765582643168
210,-22.333715229639232,-45.64614044851441
211,-23.52459788089641,-47.00473732080419
212,-23.012168077009303,-46.94878638974442
213,-23.73019566140019,-46.49301504021633
214,-23.21768895519401,-47.11511367349262
215,-23.555282306519672,-46.98417380669525
216,-23.221758812704138,-47.02038536497829
217,-23.465915733737972,-46.42353579445295
218,-22.404902291605,-45.95177183058875
219,-23.223910966220036,-47.08412291279271
220,-22.497231250786605,-45.697020494633215
221,-23.54947586683249,-46.77500873950495
222,-22.462171819506008,-45.59333639442257
223,-22.40897170830605,-45.547114241023664
224,-23.517407357001893,-46.56868366254534
225,-23.952136599456004,-46.65136192789295
226,-22.559508468364083,-45.669266610582994
227,-23.557424251804328,-46.57640760054212
228,-23.680148763154815,-46.63024021163759
229,-23.212414498881504,-46.90421447307849
230,-23.05051036998125,-47.05644091874913
231,-23.527376276262615,-46.667916294128354
232,-22.36594317869951,-45.7147765654164
233,-23.277045779468885,-46.86522409386244
234,-22.1938757074947,-45.68371598840551
235,-23.62500292678131,-46.43472292589159
236,-23.591013130564907,-46.767486626766
237,-22.41173435220594,-45.773998582513066
238,-22.56980377929065,-45.71279888316836
239,-23.826784224817672,-46.52476412100847
240,-23.409471340863185,-46.96199667109797
241,-22.440748877041123,-45.46814250296053
242,-23.795166662321968,-46.921255851377666
243,-22.475699979404734,-45.72922174530095
244,-23.092694091020647,-47.03182925816598
245,-23.27115583756642,-46.904250587285624
246,-22.44041952017167,-45.90755533293787
247,-23.84047831702962,-46.7892893100416
248,-23.276552169114474,-47.141393439919526
249,-23.76466815713646,-46.622662380702984
250,-23.140184379774208,-46.851779218430615
251,-23.33688184082485,-47.05683141773509
252,-22.593629967784047,-45.74227532120183
253,-22.443013751131684,-45.78104757985805
254,-23.654602463542062,-46.570651722785314
255,-23.79372784586402,-46.64873661252311
256,-23.05312768704275,-46.96126392677105
257,-23.768167465965618,-46.74187927701779
258,-23.515783242036623,-46.416771263491896
259,-23.35785025358876,-47.018731949619934
260,-22.838886514754325,-46.9850565254538
261,-23.147284690250586,-47.015762544741484
262,-22.38472338224648,-45.86494694446168
263,-23.92429926338752,-46.622240382001685
264,-22.895020251572337,-47.04341192957162
265,-23.478639637254663,-46.86522893341049
266,-23.162612494502216,-46.91523309016371
267,-23.727007129560917,-46.56422132201608
268,-22.521650439331992,-45.75887133708261
269,-23.53903197650663,-46.577595060183185
270,-23.733654844628983,-46.49612282630396
271,-23.54526941928807,-46.5429710984607
272,-22.433189874874916,-45.52092929453415
273,-23.55777380501411,-46.4911591005677
274,-23.28345456570906,-47.009524788168
275,-23.32119324542761,-47.003136195749704
276,-23.273374662836424,-46.957899734484464
277,-23.422804894011197,-47.25875572567225
278,-23.81192618713591,-46.721142353833585
279,-22.569864425911813,-45.8508559747504
280,-22.688143143206755,-45.7579511021283
281,-23.848079111357503,-46.53062495480207
282,-23.228684578638138,-47.060169100533805
283,-23.518608486091086,-46.93551024622561
284,-22.45368586736877,-45.74091848316539
285,-22.630873384497068,-45.63855017480603
286,-23.600960177648393,-46.42995924015852
287,-23.55373094509911,-46.967413882628215
288,-22.508046076464513,-45.64458784727039
289,-23.863554623482955,-46.527710861963634
290,-23.35508710700135,-47.163100479521894
291,-23.539723592356435,-46.497499865099094
292,-23.658411613308484,-46.56287260319238
293,-23.305388308012798,-47.1251981459036
294,-23.390419796086338,-47.03297510257435
295,-23.314059597866137,-46.98992303406661
296,-22.563303933028305,-45.538748291303406
297,-23.165492871552633,-47.07540302545111
298,-22.669869197661182,-45.676218726295254
299,-23.259715555667913,-47.18470729978109
300,-23.26808701336312,-47.00351583798414
301,-23.781890426339157,-46.58432255099743
302,-22.503913767705694,-45.66076077160907
303,-22.438617549669328,-45.772672234172774
304,-23.09464209112466,-47.192046836944655
305,-23.496984786237583,-46.5869214457303
306,-22.564312494033835,-45.80120247003953
307,-23.086272565855253,-46.81907648671084
308,-23.388825880630062,-47.16883026718691
309,-23.765415541692484,-46.50811766362519
310,-23.787657560562064,-46.563392196517256
311,-22.557607896728925,-45.58795693027781
312,-23.182856963481353,-47.06803920808737
313,-23.309193749661063,-47.14720376393025
314,-22.673176521768205,-45.65743246240863
315,-23.434511630479193,-46.73540525559441
316,-22.668501036953717,-45.632398318772985
317,-23.123652077899607,-47.034349079505546
318,-23.471236622177617,-47.1512919054063
319,-23.795490820175882,-46.71287559248966
320,-23.437262968158624,-46.94000864828348
321,-23.753295019681904,-46.52159113979028
322,-23.208977365713817,-46.892841261508636
323,-23.642447874168546,-46.65116173326481
324,-23.370133988598056,-47.128697759388594
325,-22.343894978955657,-45.77317724743703
326,-23.831344931345473,-46.50944650021669
327,-22.532892922741613,-45.55704621319288
328,-23.816764476905796,-46.70932779109155
329,-22.365154460047044,-45.73314537122005
330,-23.562498843665267,-46.65838026739934
331,-22.50188634867866,-45.627646391817464
332,-23.383266067201188,-46.59221754052023
333,-23.66650756385117,-46.66744647429464
334,-23.86008891888517,-46.642076173265245
335,-23.20034704519537,-47.08159223842024
336,-23.19272974132164,-47.12571098513172
337,-22.445377203045325,-45.66134880317137
338,-23.541880233753446,-46.47977299231095
339,-22.549260918039906,-45.86851410008564
340,-23.296009153954067,-46.96957110007706
341,-22.541684528842765,-45.808030975731754
342,-22.261068034611554,-45.59261205679192
343,-22.490242035418905,-45.74076570031797
344,-23.807638359559636,-46.70175036369059
345,-22.73764810588495,-45.756684482871435
346,-22.743234424663207,-45.796754836480645
347,-22.984336393587476,-46.99132595432706
348,-22.52230066641482,-45.754710826791744
349,-22.4020763794469,-45.689563545950975
350,-23.210557675494453,-46.913220617932986
351,-23.111878432409828,-47.17567338206411
352,-23.62502873210214,-46.62672058161001
353,-23.586782092787097,-46.727390448822696
354,-23.227551293662103,-47.06702568590871
355,-23.67907216576651,-46.44886225677951
356,-23.323415285784264,-46.95093714180722
357,-23.32362854713777,-46.63822559667088
358,-22.694918599933562,-45.65160409267109
359,-22.27409494050537,-45.84696727857894
360,-22.5061237795896,-45.58303492382378
361,-23.207361613785217,-46.967782189293835
362,-23.671248337658493,-46.637748511902146
363,-23.484481989428204,-46.99216612484193
364,-23.379097364508485,-47.1429863117749
365,-23.902853858213984,-46.37834796122094
366,-23.57483866985005,-46.598072428390445
367,-23.129364919039656,-47.15303115206491
368,-23.893444186653934,-46.43959689262132
369,-23.14552964327238,-47.06398975298123
370,-23.247009113126946,-47.03180051343692
371,-22.462217759852194,-45.88678507169323
372,-22.17475137721581,-45.73571325293875
373,-22.54449485001296,-45.600828868015576
374,-22.656443438403258,-45.76407800693226
375,-22.621612734790904,-45.73095191901022
376,-23.801776952111627,-46.57661814489
377,-23.79330906765261,-46.60103331405864
378,-23.7790779746942,-46.380529621058685
379,-23.526874618646083,-46.99571661362498
380,-23.60302344876933,-46.639621861021546
381,-22.414643225228048,-45.748953489807924
382,-23.637164276139536,-46.64868256400476
383,-23.35078914878234,-47.05290797970904
384,-22.327645445832772,-45.61440389703825
385,-22.434902825055094,-45.69824821860699
386,-23.23861787549637,-46.99546782231996
387,-23.82186349662121,-46.62509569965745
388,-23.106415600651395,-47.165256201106374
389,-23.806447604824367,-46.60308210349222
390,-23.741402478148395,-46.66736260544922
391,-23.348685873157518,-46.597220170167226
392,-22.462373946776665,-45.52375230179092
393,-23.372213600514968,-47.02355906234413
394,-23.60879155475668,-46.61748061062077
395,-23.61098308672405,-46.70692105838979
396,-22.549534967330217,-45.656741369057364
397,-23.618038507921582,-46.63369815032837
398,-23.407778386450847,-46.97602837041294
399,-23.4112006728015,-46.9738284133232
400,-22.655942085469327,-45.754114719166175
401,-23.516035856874712,-46.47151550906983
402,-22.677985739694815,-45.71141037086242
403,-23.34706383640111,-47.098057164060705
404,-22.485266634825283,-45.68192212401993
405,-22.550499171240585,-45.715526112408334
406,-22.483132172775775,-45.74661825641909
407,-22.5685360033586,-45.64208482288037
408,-23.608385956506936,-46.623482557809055
409,-22.549715997959073,-45.77310543418521
410,-23.38885731405942,-47.15864962256842
411,-23.47202714457238,-46.68711514964206
412,-23.432746507433006,-46.914327913999195
413,-22.582091868687286,-45.66198038457963
414,-23.605622595324732,-46.75368026287501
415,-23.74799115486071,-46.69708377028802
416,-23.749231010407573,-46.54477948398956
417,-23.694234320432518,-46.50474947863642
418,-22.60667402544459,-45.95212642750272
419,-23.853546162470373,-46.72875072753681
420,-23.190534548062733,-47.008679204450885
421,-22.412730751870757,-45.521182254428766
422,-22.550059220012663,-45.59367045615406
423,-22.475444374093133,-45.62013054127176
424,-23.628403902259592,-46.692490651960654
425,-22.4713082309776,-45.633948845367854
426,-23.176088658798967,-47.27521061379865
427,-23.518567241410608,-46.53249106601638
428,-23.63454563496767,-46.561503579920384
429,-22.62808437539756,-45.531422634976764
430,-23.167838324063936,-46.98890735069032
431,-22.59511899357697,-45.727067471881746
432,-22.592648916636183,-45.69540345568962
433,-23.857109884955356,-46.577825520266806
434,-24.0650329,-46.37830364763323
435,-23.378645451177047,-46.51066000677316
436,-23.46727306098805,-46.95329943031451
437,-23.560802671770624,-46.41734536276593
438,-22.28105457198459,-45.71592899272834
439,-22.600212442728917,-45.7304723595446
440,-23.82682178534126,-46.60135464390711
441,-23.27725844775422,-46.98606008993597
442,-22.54854067648828,-45.80193611093882
443,-22.424258772524272,-45.74366658477769
444,-23.68031595796375,-46.66415655150536
445,-22.967099997514126,-47.065531843028594
446,-22.561819377167502,-45.723403846899394
447,-23.795980907983672,-46.5067721050746
448,-22.67424863964835,-45.63319283978494
449,-23.238211084424872,-47.15322068667848
450,-23.731241569549013,-46.62842900357507
451,-22.43871731019221,-45.608918243464124
452,-22.456258504139253,-45.8668025361336
453,-23.72288097807988,-46.60923591771384
454,-23.55792538726277,-46.556742809939024
455,-23.045957584971344,-47.14137862287762
456,-23.820387625828374,-46.52962506919903
457,-22.813436580107094,-45.67146766255847
458,-23.132028751637968,-47.019493067748684
459,-22.50781600853139,-45.59067267881843
460,-23.38072768936165,-47.111051024934156
461,-23.836096939320026,-46.673899322525514
462,-22.40658060864421,-45.75301501188851
463,-22.369470026749575,-45.66651072293809
464,-23.314767172459344,-47.18234174471534
465,-23.26426640668238,-46.86366944600565
466,-22.58588164009693,-45.67549585302857
467,-22.722114184849286,-45.523476048784055
468,-23.86172045587528,-46.52593114050057
469,-22.545884462122793,-45.96555579380568
470,-23.30934013589177,-47.11145358047644
471,-22.54333191257458,-45.599120261248245
472,-22.509974876062948,-45.87011634899686
473,-23.784131240760523,-46.690365920182764
474,-23.518629232197572,-47.115798625811244
475,-23.166612960673564,-47.20961449580225
476,-22.70550301001871,-45.70150691055932
477,-23.54995078202856,-46.546673315379415
478,-23.980550195311135,-46.52599406403373
479,-23.378045694327792,-46.67627589127839
480,-23.23411316146003,-47.019316968132806
481,-22.41965619982541,-45.61641306848083
482,-23.704659752280037,-46.605055034901085
483,-23.73439417916784,-46.74481640434792
484,-22.543495807586094,-45.79345453265615
485,-23.85138061383871,-46.4354827683307
486,-22.560519998354334,-45.689623372858364
487,-23.867054020088364,-46.62590084532287
488,-23.673682125864218,-46.37573188173405
489,-23.496039432438263,-46.49319059688069
490,-23.150415143547733,-46.98264597413916
491,-22.514676500583366,-45.60327018572697
492,-23.466548558780186,-47.16832857582554
493,-22.660001874272808,-45.6914479130112
494,-23.346937924474005,-47.121655869842904
495,-23.727881800638574,-46.57896645346788
496,-22.22147943229735,-45.90912875668438
497,-22.580158573651506,-45.62282284625093
498,-23.755680429101037,-46.863085104007865
499,-23.136508290596293,-47.198429032509665
500,-23.245800606391455,-47.152167519677164
501,-23.23670305706063,-46.97874113019674
502,-23.45801508929839,-46.68362071467073
503,-23.636035903289685,-46.471979602036136
504,-23.681786499285618,-46.73677260758058
505,-23.567152040078042,-46.61248650730343
506,-23.19445109080365,-47.10382299227001
507,-24.02444914654739,-46.54892763206527
508,-22.463074094317932,-45.69921974338046
509,-22.89813451423368,-45.837243787953916
510,-23.60997471245721,-46.58138340810395
511,-23.553616876740985,-46.648755290638896
512,-22.355843442783698,-45.82887193236117
513,-23.663004314575666,-46.62355727516403
514,-22.563825130825563,-45.73757526477118
515,-22.572272785474315,-45.81480875011708
516,-23.529348444023675,-46.66166549433047
517,-23.78601845277737,-46.389675487879565
518,-23.18932941847654,-47.173391837537494
519,-22.22879696730478,-45.79221939555938
520,-23.240290045094977,-46.875969674594984
521,-23.723139391095792,-46.5858998420064
522,-22.355112477607413,-45.820426418577625
523,-23.26056438749267,-47.08313589599544
524,-23.13687309655672,-46.98524082173505
525,-23.470463333095854,-46.65025640938866
526,-23.823100342022748,-46.53476055447966
527,-22.48146188834547,-45.72989180282305
528,-23.573408591634642,-47.01136005962515
529,-23.630168857306394,-46.9763130395853
530,-23.72812733035435,-46.644252100763715
531,-22.70394236496134,-45.70172370822847
532,-22.793874365468362,-45.805889752274076
533,-23.87582231631795,-46.45317300231584
534,-23.379680882807477,-46.378995063440016
535,-23.216859053877375,-46.97746612208609
536,-22.700800763697778,-45.67654616294378
537,-23.446560240595574,-46.921241193028536
538,-22.485150486011136,-45.61638861474576
539,-22.486408284720977,-45.78671902206594
540,-23.76539465709534,-46.7281480184217
541,-23.842153194170027,-46.511702950655256
542,-23.411061411896643,-46.921309209316426
543,-23.82216699611897,-46.53199699914696
544,-22.51146928882238,-45.61256727164001
545,-23.2838190174182,-47.1914488873434
546,-22.36395222442889,-45.59693670999002
547,-23.485580465675937,-46.94964081753472
548,-22.583200475708807,-45.700445624267665
549,-22.543560499066977,-45.72207549927076
550,-23.92836103023168,-46.56099511640536
551,-22.539962367246304,-45.77452008272241
552,-22.58532401741629,-45.69001884029662
553,-22.726937237510388,-45.76388881329844
554,-23.270247678258944,-47.04438423257067
555,-23.692723207368168,-46.62434329110319
556,-23.608748693200102,-46.535192537522306
557,-23.405401233946456,-47.12433135488173
558,-23.69686560958779,-47.01925524154053
559,-23.71305790425986,-46.44177290955934
560,-23.453009764725483,-46.57119157602223
561,-23.423805597393358,-47.1088976940994
562,-23.834456647125705,-46.62543366052856
563,-22.67877789653638,-45.71664019162662
564,-23.498600015074178,-46.62225747950906
565,-22.381644807870373,-45.724940181408066
566,-22.516268357440506,-45.68732570310076
567,-23.335745669828558,-46.82232343000222
568,-23.336278120086497,-46.95532370833447
569,-23.159848424616644,-47.047568095218494
570,-22.412439095947313,-45.599622933640504
571,-23.786318497254634,-46.50683856543346
572,-23.498860414860356,-47.01209966855315
573,-23.461434877126997,-46.628092290408794
574,-23.528272132683316,-46.93705477341705
575,-23.827131391686187,-46.5588541611635
576,-23.199302350927578,-46.881177658492575
577,-23.178002551453464,-46.90747583790757
578,-23.667542217986025,-46.49282550588689
579,-23.471586679248805,-46.41354319368277
580,-23.60135256184656,-46.74776246384304
581,-23.73752252446287,-46.41484085633599
582,-23.584443187603984,-46.403873285253624
583,-23.738311243810884,-46.48999809365568
584,-22.551672590078745,-45.62478169302023
585,-22.983558842475674,-46.981159969165084
586,-22.596243118211586,-45.814478031126356
587,-23.336657063617974,-47.07774347237993
588,-23.47329279535787,-47.03575215319879
589,-23.61505728986656,-46.61109503177745
590,-23.38107900697711,-46.49025263519709
591,-22.570217634491165,-45.56776902337684
592,-22.470086732683782,-45.63318772972654
593,-23.137380493618373,-47.054758622807064
594,-23.87716440635986,-46.52340069475137
595,-23.759268423268395,-46.55498411994553
596,-23.39434884288554,-46.65163925718406
597,-23.875895285429646,-46.68446280396481
598,-23.766589185736134,-46.683508009522704
599,-22.4552775203833,-45.759917502904045
600,-23.638061005396185,-46.62741573747147
601,-23.72034128466744,-46.56293049562119
602,-23.635881769543257,-46.28234650197366
603,-22.408299512913775,-45.72037400094247
604,-22.598045849492536,-45.75240571652788
605,-23.584675395762968,-46.43913699520376
606,-23.16412873329771,-47.141037061305305
607,-23.29118552962296,-46.8922616352217
608,-22.893396216337464,-45.75442522665024
609,-23.172208980141598,-47.070544481416356
610,-23.518566187832143,-46.60757020313816
611,-23.395098394088716,-46.9999464356046
612,-22.364083308038808,-45.67065821264538
613,-23.394195397227346,-47.036045148301994
614,-23.775801365957765,-46.63225342646381
615,-23.09305812521849,-47.23097185146597
616,-23.249934742713783,-47.00686341033183
617,-23.76467430655688,-46.478807364761536
618,-23.106147899935138,-47.00394943733971
619,-23.708308222920415,-46.46877614637877
620,-23.57149492135644,-46.71958548773166
621,-22.376726675341445,-45.731621120100094
622,-22.444357543209822,-45.811977481504286
623,-22.32379582213176,-45.77459110059287
624,-23.48937183542364,-46.93118469499046
625,-23.462450190283004,-46.68102747242897
626,-22.36393087064045,-45.71244294011947
627,-23.74212176447736,-46.7527947268848
628,-22.57661642202123,-45.77676900139439
629,-22.61421075319263,-45.614668303057044
630,-22.222188647928817,-45.856520336600205
631,-23.616035524832355,-46.42587415909602
632,-23.688435006327595,-46.65331243203973
633,-23.73678164478803,-46.71841781804444
634,-23.501565228189502,-46.63692487325679
635,-23.77537538308421,-46.83450039650824
636,-24.040929674536535,-46.78037123936657
637,-23.538826664493847,-46.567569677312875
638,-23.087845206761973,-46.85688252168265
639,-23.387856346668215,-47.17022563905624
640,-23.560005765616555,-46.574867923861
641,-23.67397714324559,-46.5884999011606
642,-23.141870410788215,-47.125266767583625
643,-23.190693431011663,-47.14045145111507
644,-22.399996179056124,-45.78150477364645
645,-23.2947342894336,-46.958219711625304
646,-23.167606823412925,-47.18577373566711
647,-22.451162252029853,-45.70912453042497
648,-22.672472374441227,-45.717615746260826
649,-23.301820132234084,-46.977078531096836
650,-23.339461555863725,-47.07024474006001
651,-23.17588776297831,-47.141969172401915
652,-22.390905489633823,-45.63450050835241
653,-23.35611050064008,-47.058089794724495
654,-23.61094192264317,-46.56424751212057
655,-23.497597083528927,-47.12013160257736
656,-22.240312548779762,-45.70392449537835
657,-23.350679394223846,-47.16311191407808
658,-22.41196971216373,-45.62740477475134
659,-23.892439132203783,-46.75214801163668
660,-22.60717573894048,-45.61886378135156
661,-22.505284831293306,-45.85890440059798
662,-23.26359394981085,-46.97450156228129
663,-23.362791670427136,-47.023554731750096
664,-23.196044880193547,-46.97532703605506
665,-23.287208987949953,-46.83513429888493
666,-22.76769962785208,-45.634317323866725
667,-23.289489371519362,-47.03109134608398
668,-23.735466681939087,-46.63712601638111
669,-23.572947186139416,-46.41180390898807
670,-23.23022575126403,-47.04086513587396
671,-23.18057345655682,-47.11436551947624
672,-22.455853340008964,-45.68456743900344
673,-22.428822735058244,-45.75992363687149
674,-23.65299411136722,-46.52233571577321
675,-23.247708686801165,-47.11470267261312
676,-23.22094079987086,-46.878651167322346
677,-23.734892879267065,-46.66183135229715
678,-23.379495966909552,-47.088676777460826
679,-22.679197795929248,-45.701028399891115
680,-22.501166079299235,-45.832052018892924
681,-23.37002675747234,-47.211552710566
682,-22.3631509507858,-45.71372054636965
683,-23.519861050833047,-46.643553117674784
684,-23.846569883712018,-46.50776398702476
685,-23.496701702446295,-46.591301184670826
686,-23.852849859543753,-46.65608332636043
687,-23.58643465276327,-46.75101043248925
688,-22.46261959093341,-45.5911105425178
689,-23.76495501638203,-46.64414523903392
690,-22.505072985643253,-45.97437486400297
691,-22.44678912727186,-45.68420914250429
692,-23.309108833094527,-47.09691659776082
693,-22.34564665410287,-45.755748060214394
694,-22.311647220535747,-45.83044137136306
695,-23.41184408743335,-46.95195648346727
696,-23.177341909656942,-47.05747696335321
697,-22.821471288478566,-45.74844032472221
698,-22.555458805866213,-45.55481807038046
699,-23.225487423435748,-47.19782904828915
700,-23.70636390018679,-46.58860200798788
701,-22.439069344956504,-45.75618738238128
702,-23.72391396684076,-46.291819526792814
703,-23.333859778882967,-47.039095904762604
704,-22.48583173418787,-45.71724037201446
705,-23.597502841378613,-46.46569757975188
706,-23.27903947972973,-46.99531445212059
707,-22.987234169413018,-46.897244508342425
708,-23.65582647271709,-46.48662902510044
709,-23.83300547037854,-46.726404788716415
710,-23.236683847400833,-47.00408755701518
711,-23.20743834392328,-47.09841082595012
712,-22.31201684777621,-45.70958506833749
713,-23.250652126553675,-47.05482634921025
714,-22.693491159567174,-45.451760956174
715,-22.91124438708215,-45.505629715349
716,-22.420128652609037,-45.63577049641394
717,-22.68280291187451,-45.74631229514733
718,-23.488620188465124,-46.64488810590427
719,-23.124365970018257,-46.993612610368565
720,-23.260448791595365,-47.020309054886205
721,-23.19680088827457,-47.23201955993991
722,-23.110513701630488,-47.11786705478475
723,-22.832912772406505,-45.88839254895233
724,-23.578947664886666,-46.752030831203236
725,-23.237344701088194,-47.1066722819295
726,-23.257346881425416,-47.16518191312038
727,-22.821197624086075,-45.79691700746889
728,-23.709635095974267,-46.702137407386324
729,-23.584114161146637,-46.52532944783818
730,-22.629086355865535,-45.57768706135635
731,-22.452627575427663,-45.82998220276822
732,-22.679563921470546,-45.503677404750256
733,-22.574393570293694,-45.65635650857994
734,-22.480520699527684,-45.73579067117771
735,-23.979122316305464,-46.6541572929787
736,-23.363273335532543,-46.993565826521554
737,-23.46296660558809,-46.339976596935315
738,-23.755045479566725,-46.622703670024904
739,-22.690185724214565,-45.445802845083655
740,-22.711338359967428,-45.57245980076762
741,-22.601834588889663,-45.61070246355103
742,-23.285470837249548,-47.038651467100294
743,-22.480662533678704,-45.80324253550724
744,-23.245691226830505,-47.048075913652674
745,-23.728939185168418,-46.740098049851134
746,-23.33981112327595,-46.935616311998245
747,-23.760270069617587,-46.54304703258647
748,-22.322486108970875,-45.647190597054575
749,-23.26250639064221,-47.142244664120376
750,-22.491389886161592,-45.81473058560945
751,-23.48133892707836,-46.435896345275275
752,-23.920812842744525,-46.4498324761559
753,-22.586500285778566,-45.68803583132916
754,-23.399117414292284,-46.91192908496976
755,-23.31090990889806,-46.91151737468913
756,-22.48021250376986,-45.785871094208524
757,-23.803645491562307,-46.5281785199914
758,-23.548636577887194,-47.03746816617465
759,-23.684017964573545,-46.64018441844431
760,-22.50972463263444,-45.706449533005554
761,-23.701669375867755,-46.466355606603884
762,-23.33554848545207,-47.117793897364145
763,-23.299509912921273,-47.15799600197683
764,-23.292822454167425,-47.049523307832146
765,-22.621743652040134,-45.76608582196632
766,-22.58342687747008,-45.7865358296887
767,-23.64976423792831,-46.77507539820909
768,-23.261654326898544,-46.97166907684242
769,-23.590262930523146,-46.63838818249621
770,-23.45400178601883,-46.46766935979994
771,-22.724096182698247,-45.57985670299085
772,-23.7004120224963,-46.47394150429039
773,-23.354148997877118,-47.00974961606929
774,-22.43055338187194,-45.74320322946282
775,-22.383706763881758,-45.58003508025773
776,-23.16859925276703,-47.05409372130062
777,-23.714842746271728,-46.49852521137038
778,-23.53744011023857,-47.178898377157886
779,-23.66479752249467,-46.55556161647366
780,-23.303538404682147,-46.935798907276705
781,-23.192636087703534,-46.94251579670251
782,-23.485932591795585,-46.987131933883916
783,-22.675581122698212,-45.53060871531361
784,-23.20699482120986,-46.8471421124621
785,-23.839960231519054,-46.63415303540883
786,-23.44097224988731,-47.089421623347874
787,-23.173592397249088,-47.05158104947603
788,-23.338613665139953,-47.091299348804455
789,-23.497533283403392,-46.51222719084642
790,-22.598338461518036,-45.59186726726522
791,-23.831379088551557,-46.7040498434702
792,-22.35742372192901,-45.59212318120339
793,-23.24125115812285,-46.934166295431844
794,-23.367552053519372,-47.0269437858074
795,-23.331458245117652,-46.947566272443716
796,-23.22567706980631,-47.080304358646174
797,-23.794402703852978,-46.57805579791391
798,-22.517712318967494,-45.641102110498785
799,-23.34441691620426,-47.00914488387578
800,-22.476081073062602,-45.71678337140477
801,-22.711209437890318,-45.55475707935
802,-22.656908906151475,-45.64788125597164
803,-23.204860545295126,-46.97944314635158
804,-23.67417787841649,-46.72384493876001
805,-23.444719492531913,-46.97695692783788
806,-23.422893030395905,-46.49233184189685
807,-23.1981491024164,-47.15816307102413
808,-23.396397535542093,-46.42132685760096
809,-23.45052347471827,-46.54383051099476
810,-23.632588255901627,-46.80329501187622
811,-23.18128336604885,-47.1994967911591
812,-23.103247906034937,-46.91470792619338
813,-23.37325979361604,-46.92831751092055
814,-23.163107564360633,-47.16475457255141
815,-23.44501650637733,-46.56440237996537
816,-23.229791914439076,-47.04460016274358
817,-22.783925213746702,-45.612655146302984
818,-23.6674698566352,-46.22810782294286
819,-23.697166998027747,-46.38030293710713
820,-23.34614423040866,-47.000049269888784
821,-23.66832893176366,-46.777446294066614
822,-23.891419537721532,-46.53634588110547
823,-23.179772833950747,-46.937063750369155
824,-23.704419739762702,-46.53155557533992
825,-23.744138766538462,-46.73746660941093
826,-23.32483378353513,-47.0245927191219
827,-22.413697257339187,-45.704644609104705
828,-23.629614346231836,-46.61173096344485
829,-23.353280491448707,-47.15310057591141
830,-22.53009863862802,-45.733620911683964
831,-22.572423159199435,-45.73384040841608
832,-22.240790126410857,-45.64790740217017
833,-23.261749155495956,-47.13629964913504
834,-23.568075517496524,-46.44924206660995
835,-23.63841635832029,-46.47625147110986
836,-22.676524473457363,-45.62128319857112
837,-23.43086488601129,-46.95926054045228
838,-23.811746436116206,-46.73956641379391
839,-23.263455517530545,-46.98033475158751
840,-23.249893662809157,-46.900423908609376
841,-22.64251932185538,-45.60420749141532
842,-22.6309417438892,-45.74791153258429
843,-23.530283690576493,-47.167403526365604
844,-23.32247193240074,-47.2929211
845,-23.23442629833212,-46.90216575733421
846,-22.380726048060207,-45.806207137505574
847,-23.640793749167162,-46.60728016705194
848,-23.34902502243735,-47.0648092658612
849,-23.450529424205655,-46.435850576810424
850,-23.05346268624325,-46.911893029703336
851,-23.311352831406246,-47.096861312458856
852,-23.529066666457553,-46.40789546563527
853,-23.598749313613986,-46.55988685042993
854,-23.6328080131002,-46.6990211350426
855,-23.359708725580944,-47.05862391973584
856,-22.586559710171855,-45.5806718666966
857,-22.65628388189476,-45.78367519282768
858,-23.652506466607278,-46.46056609872902
859,-23.38694047440415,-46.97615931187164
860,-22.529771927297446,-45.697719340237576
861,-22.640932303725407,-45.95142106718877
862,-23.35425252189612,-47.030594676358874
863,-23.69276864919722,-46.77874751862941
864,-23.355886278483606,-47.12744293732428
865,-23.983045583713132,-46.49148497163924
866,-23.51413064982008,-46.83338346506974
867,-22.456781747111673,-45.85639264132828
868,-22.55739960418918,-45.63294661877609
869,-23.705130709130994,-46.6721152670439
870,-23.41612139957708,-46.73476465019946
871,-23.70241969620032,-46.569705410564296
872,-23.27177795702942,-46.851639837872014
873,-22.937630416586803,-47.1023346126236
874,-23.239232728233564,-46.99835441835673
875,-23.111640367364288,-47.08113776046525
876,-22.270748008702036,-45.65014693305607
877,-23.11189658516954,-47.08026222193857
878,-23.258362737427742,-46.95637041368152
879,-23.41603400403028,-47.18281866989272
880,-23.85971755604033,-46.43441680939962
881,-22.506908684965293,-45.52427010013847
882,-22.646496078267344,-45.711545316824335
883,-23.79156517158659,-46.66620104097837
884,-22.367760524077223,-45.8253040343879
885,-23.647525290088016,-46.53300282906246
886,-23.541870899630627,-46.61493601419475
887,-23.122761877846703,-47.03277566082637
888,-23.551731445449388,-46.993078205800785
889,-22.392572343722623,-45.69946869862058
890,-23.49454743252398,-46.59044156524846
891,-23.20599037898886,-47.147739037229144
892,-23.52150698732296,-46.89603863127163
893,-23.123103184757646,-46.92606937147744
894,-23.528606401408116,-46.60096685628438
895,-22.60344751443258,-45.82129476502732
896,-23.783524534560787,-46.62754645831648
897,-23.180252420112065,-47.06166342528856
898,-23.295135287252286,-47.226153846194016
899,-23.204254871636753,-47.10468381602451
900,-23.227820417379373,-47.092013716349115
901,-22.566331948234357,-45.62456462526036
902,-22.577937785692317,-45.55608649833094
903,-22.625100269252783,-45.80087421275779
904,-23.570808816051485,-46.70370777597621
905,-23.5888727828203,-46.65103699040277
906,-22.51764440952858,-45.7765864258896
907,-23.612141936433744,-46.57787441538065
908,-22.47026925497044,-45.90150467137821
909,-22.317643098596253,-45.63845723240678
910,-23.61960481037943,-46.62711946521345
911,-22.55229586573863,-45.778439535581754
912,-23.084893128830505,-47.04088733049272
913,-22.551226688634426,-45.802964415423624
914,-23.740280046366884,-46.717386525381855
915,-22.781824396618504,-45.57944509270271
916,-22.646093668615954,-45.80087616455892
917,-23.374204715798825,-47.08533383960069
918,-22.421794385919167,-45.868421095737375
919,-22.685245968199773,-45.56745314484368
920,-23.079397637516717,-47.06245904845529
921,-22.422181923849635,-45.80991814761546
922,-23.960464555278374,-46.65893720354001
923,-23.58901793779454,-46.73163446763778
924,-23.179426877614496,-47.09356010539699
925,-22.358743860731085,-45.690058749697315
926,-23.299774068649196,-47.239177813221126
927,-22.587803802938314,-45.81267448630417
928,-22.509267014013723,-45.7116002587637
929,-22.465229089832047,-45.77342935518814
930,-23.953811177175417,-46.49873305866707
931,-23.775270092237587,-46.65024575271756
932,-23.46806290549886,-46.56807302254411
933,-22.563669112848732,-45.4931237575107
934,-22.306628645564793,-45.582555738004366
935,-22.72454429755101,-45.76263828332018
936,-23.06468718797459,-47.175285466278396
937,-23.37016442556028,-47.114872280705534
938,-23.1404877387304,-47.00388608280523
939,-23.225342352057563,-47.01855979339907
940,-22.53003182556491,-45.87959811651094
941,-22.652957073812722,-45.7287444986971
942,-23.228850320368977,-47.01311838984903
943,-22.463590646890708,-45.72008647231809
944,-23.574253173177727,-47.06506779226278
945,-22.64822023421626,-45.72651097288487
946,-22.574862474587043,-45.865851400924875
947,-22.440728884050408,-45.7871419003668
948,-23.48659379813721,-46.56557319306034
949,-23.911300353245668,-46.78005830572053
950,-22.47323644550802,-45.51452498109391
951,-23.665389547426937,-46.573376863299515
952,-23.007166342281916,-46.981101253172426
953,-23.28247982360457,-47.10220044829094
954,-22.510275115915732,-45.65397569901418
955,-22.528083327932993,-45.79112775110256
956,-23.424680192624532,-46.93584285807477
957,-22.690657193113886,-45.61868252611613
958,-23.278001843037103,-47.02663375518244
959,-23.18268121875223,-46.97647569082446
960,-23.659470829991637,-46.716105723978835
961,-23.19233837760867,-47.156707927541945
962,-23.57966031665772,-46.417734375580636
963,-23.58940160971425,-46.454440207100056
964,-23.38683726760732,-46.41955982480034
965,-23.35376661813945,-46.943796277236345
966,-22.388487196199442,-45.76844946377743
967,-23.634699807224397,-46.63428440888033
968,-22.537469098608362,-45.73458086437779
969,-23.682835101459148,-46.663991951890296
970,-22.368056711601472,-45.54959195787703
971,-23.58909401679384,-46.443422728439856
972,-22.562853897456403,-45.58020374795027
973,-22.568212511958,-45.851101641681765
974,-23.44104368859781,-46.67402607228875
975,-23.559941561212526,-46.732386704075225
976,-22.522266801987133,-45.82763284666185
977,-22.60787750075081,-45.65102145296673
978,-23.272867662368075,-46.98858786280377
979,-23.65985481351842,-46.476458662412576
980,-22.324979480592383,-45.76634457167648
981,-23.959122608426725,-46.589268654489786
982,-22.56759702676043,-45.96580093667512
983,-22.71471825367999,-45.67637654201524
984,-23.13456497866907,-46.9964881741141
985,-23.261454602225697,-46.979326007079415
986,-23.19492600589442,-46.85471571527007
987,-23.25189446659117,-46.97143375957025
988,-23.61325650158203,-46.47842928278296
989,-22.55220960434317,-45.677765711782754
990,-23.712005312428857,-46.679435093523736
991,-23.73627754021798,-46.52290069569868
992,-22.651423568998652,-45.752406981472504
993,-23.33658362795702,-46.908435278404234
994,-22.451397323271504,-45.695053189298655
995,-23.53915579795271,-46.90680298567747
996,-23.613430712899262,-46.45041182764374
997,-23.976400242306863,-46.575034618017646
998,-23.327194417740014,-46.922319365725784
999,-23.1667357100584,-47.144584567316755
1000,-22.561521425956425,-45.706113071250016
1001,-23.29128629866793,-46.94880202196523
1002,-23.83263826069219,-46.512430018723045
1003,-22.506372960695124,-45.7688236301483
1004,-23.486594310154025,-46.981011734101045
1005,-22.434081201382142,-45.71493294615135
1006,-22.590468774570052,-45.65927935288267
1007,-23.26873930220044,-47.137241547522414
1008,-23.653276697398034,-46.59847569011865
1009,-23.145764936433164,-47.09913692859297
1010,-23.425429538818364,-46.73937071466163
1011,-23.67576170121484,-46.544265327920684
1012,-22.576549952769874,-45.7884764102159
1013,-23.528436963558683,-47.05086248911351
1014,-23.294987348634336,-47.174684127550826
1015,-23.29535962163389,-46.970230420803354
1016,-22.340400187637258,-45.7397834151245
1017,-23.290118237922094,-47.07486316064076
1018,-23.591889468205245,-46.572244853925454
1019,-23.764050758487752,-46.590779871452675
1020,-23.126335862201508,-47.03361383208144
1021,-23.72597597425744,-46.649582724967075
1022,-22.380901064280614,-45.47937617676601
1023,-23.59523064425554,-46.55628716731504
1024,-23.790816788495224,-46.524689289249224
1025,-22.322317873708656,-45.92636581654466
1026,-22.57720221684798,-45.81634896319679
1027,-23.759729205697052,-46.43275969410154
1028,-22.553587641399698,-45.64780624129241
1029,-23.166028601024266,-46.927874043221536
1030,-23.758046098549343,-46.60171943614018
1031,-22.345973381781466,-45.721800804767334
1032,-22.772126722101948,-45.67146285544916
1033,-23.284090565261653,-47.24154559940829
1034,-23.59995455074414,-46.386382413899554
1035,-22.105200108234857,-45.62276190850435
1036,-22.473975272798384,-45.81948376847546
1037,-23.198963786317403,-47.050521055435105
1038,-23.67996543176833,-46.51922199370877
1039,-23.146386119756198,-46.93220231050172
1040,-23.27949037441032,-47.162048394770025
1041,-23.170041384884573,-47.150458456399726
1042,-22.511528660043513,-45.70104693489587
1043,-23.322030665350688,-46.7267767615027
1044,-23.461859675101188,-46.61440154431283
1045,-23.442466600756582,-46.956402696213495
1046,-23.545149631855477,-46.33423268180511
1047,-23.89654657257489,-46.578792675341084
1048,-23.17918421888071,-46.935404535296215
1049,-23.26530400739172,-47.117011549101946
1050,-23.75645663886294,-46.55559895227958
1051,-23.214549529339187,-46.86123736630955
1052,-23.406168198532956,-46.87915702626225
1053,-23.76318115461826,-46.700536863150866
1054,-23.70860819060763,-46.501638851287005
1055,-23.3371654656827,-46.84276378151901
1056,-22.390949555069117,-45.633146232091036
1057,-23.484595860331577,-47.115036183137335
1058,-23.825803212987484,-46.61617860849436
1059,-23.73652598170228,-46.68377206404862
1060,-23.550132040458994,-47.04505635040876
1061,-23.6084873707393,-46.60164784267203
1062,-23.46565366359375,-47.12343874705799
1063,-23.546284339682657,-46.59796452883225
1064,-23.648509456754375,-46.622828272484185
1065,-23.649456794707866,-46.3738735279035
1066,-23.810462104323946,-46.7089839559533
1067,-23.706745130047885,-46.574050488607774
1068,-23.631401591864282,-46.60255350416546
1069,-23.295367727849964,-47.00242876794727
1070,-23.67211304219203,-46.56482805916502
1071,-22.45204986468262,-45.75976070129898
1072,-23.35369403433654,-47.10060636122419
1073,-22.59697138966919,-45.74840806455035
1074,-23.62568029929303,-46.490309529850094
1075,-22.404132476623104,-45.763058346041234
1076,-23.10803990086543,-46.98530858562357
1077,-23.464771151622696,-47.040174183396424
1078,-23.873729071774186,-46.47037608604544
1079,-22.464471729488324,-45.61372775580295
1080,-23.300255629914297,-47.03988094055116
1081,-22.258416709727346,-45.77332231250055
1082,-22.552218009973796,-45.51310817985124
1083,-23.187989762179605,-47.153757921706315
1084,-22.634124461253908,-45.58075453616074
1085,-23.728172544630798,-46.53437264091039
1086,-22.49573693219512,-45.545887408315366
1087,-22.751302325440626,-45.2929211
1088,-23.0773856418868,-46.92573148366586
1089,-23.062213556753957,-46.93970260537833
1090,-22.649055699638062,-45.67590319583195
1091,-24.02676210558813,-46.50364417478509
1092,-22.384872840512053,-45.61271799722301
1093,-23.301248995852266,-47.02973989499939
1094,-23.586256163896728,-46.59256825906605
1095,-23.12703982352592,-46.96559612706516
1096,-23.704495735333392,-46.62676717914216
1097,-23.31560002815064,-47.1612357841664
1098,-22.700510399572416,-45.67976163831533
1099,-23.770298966084212,-46.56211776269527
1100,-23.28918921715176,-46.94071843801464
1101,-23.259749083429497,-47.141837717016074
1102,-22.531024329598015,-45.73256627838325
1103,-23.386134832740684,-46.55522191792454
1104,-22.0650329,-45.77271652134023
1105,-23.292798400675235,-46.97296837533419
1106,-22.539899320192607,-45.70864586371508
1107,-23.228388774424474,-46.82947165912496
1108,-22.33246667834049,-45.779149002294915
1109,-23.38251661760991,-46.92994755734858
1110,-22.54550637098967,-45.613193565691496
1111,-23.539242800877496,-46.593630019180665
1112,-23.4527707800575,-46.9786530533673
1113,-22.30088750348524,-45.65663446371564
1114,-23.618634375950748,-47.08732433592892
1115,-22.56929942891977,-45.74996553279914
1116,-23.31886981080658,-47.16140173959644
1117,-22.29884719542021,-45.61894080624245
1118,-22.99395171907334,-46.96963054328578
1119,-22.66938015508069,-45.672153560517565
1120,-22.395788800690823,-45.60958264562477
1121,-23.620147500480215,-46.6035087003809
1122,-23.83066864413109,-46.509536646007774
1123,-22.709020851639824,-45.89484987232314
1124,-23.870154162880905,-46.51387364252434
1125,-22.433098420482736,-45.60573662663143
1126,-23.33459676959444,-47.05275260497928
1127,-23.489488934025367,-47.05327581465036
1128,-23.740623043485915,-46.56953219076842
1129,-22.431338637218612,-45.78557398446474
1130,-23.419561712840867,-46.50857038156834
1131,-23.25463942027156,-46.99465799759298
1132,-23.661071341891674,-46.59684678700342
1133,-23.05215128178787,-47.00005546773924
1134,-23.515785728348593,-46.65685327619082
1135,-23.48390371139982,-46.59843218582476
1136,-23.8805282920957,-46.48925115868967
1137,-23.37672688302836,-47.06917706584597
1138,-22.25897351962498,-45.856014900108576
1139,-23.960048106506868,-46.63656343065101
1140,-22.504363714196465,-45.649365799658746
1141,-23.66780079700891,-46.714976161566014
1142,-23.393538760662636,-47.146513780652874
1143,-22.43346259451536,-45.880825907202805
1144,-22.639551340030074,-45.816845316921935
1145,-22.547955324220506,-45.72787727053763
1146,-23.63713626120385,-46.63459260827654
1147,-22.97547100923586,-46.99264404324627
1148,-23.42659887521691,-46.78916111646258
1149,-23.298972420499428,-47.056960301310426
1150,-22.300339060363097,-45.79439279824748
1151,-23.28756325665908,-47.107721757433765
1152,-23.497824169255725,-46.55604688611465
1153,-23.534748689944138,-46.5290461452059
1154,-23.861900715946312,-46.5666116277314
1155,-23.698426679283717,-46.56139175478745
1156,-23.561813885296115,-46.909483140124784
1157,-23.676692233994526,-46.745098572736524
1158,-23.137591457742797,-46.94164068321664
1159,-23.766694271403885,-46.56291325513051
1160,-23.601059832244534,-46.68637998767433
1161,-23.689217514470233,-46.62378079676847
1162,-23.821356260337534,-46.61799995643258
1163,-22.372573186274035,-45.804438431856184
1164,-23.720095282969893,-46.55933301991805
1165,-22.54640450850462,-45.85006946931591
1166,-22.541582635971046,-45.781202058027795
1167,-23.554990560332627,-46.48947361853404
1168,-23.180109963116575,-46.99423179918085
1169,-23.79838597254221,-46.525311657984794
1170,-23.099104174854773,-47.006021817977754
1171,-23.977726803015734,-46.54658105071052
1172,-22.579302072398026,-45.832873501743464
1173,-23.504757148307284,-46.5115934796185
1174,-22.46009201129412,-45.60075487117351
1175,-23.308296020752042,-46.90882121350436
1176,-23.48484383477385,-46.74726629516682
1177,-23.099109450444,-47.033618508480686
1178,-22.407566109207682,-45.80000565064133
1179,-22.786984720550613,-45.700102028646214
1180,-22.473127584118746,-45.72517346070542
1181,-23.03080631591744,-46.9812707760915
1182,-23.259393917088744,-46.91883742979471
1183,-22.58265807009711,-45.75997758128905
1184,-23.45185662678708,-46.728881447359086
1185,-23.362687760804796,-47.09339537249303
1186,-23.500680097686917,-46.93277797159999
1187,-23.228768704030767,-46.89982893940372
1188,-22.50245380646116,-45.72219082583958
1189,-23.33480231786142,-47.095680759499814
1190,-23.414058096825197,-46.603097545518416
1191,-23.440854323959062,-47.06754920786797
1192,-23.61263239335388,-46.61464586807328
1193,-22.50043276078964,-45.71517451001266
1194,-23.184345992421598,-46.924031114515756
1195,-23.29169378515387,-47.17493818817521
1196,-22.497029206933806,-45.611381015063486
1197,-23.320433071580773,-47.03779818574785
1198,-22.643884061423307,-45.63853535429024
1199,-23.393769238538333,-47.08727554659432
1200,-23.832569585780128,-46.714258705174736
1201,-22.443760131980632,-45.67541724635025
1202,-22.456138139800288,-45.727932294427504
1203,-23.262406361878103,-46.87647611456141
1204,-23.168377587761924,-47.09230858613992
1205,-23.587549209315192,-46.484249917184215
1206,-23.28742757206771,-47.02709653813164
1207,-23.715635564051926,-46.5147441741361
1208,-22.5139057091005,-45.64446395747344
1209,-23.30509149100496,-47.02212324122026
1210,-22.564674058811097,-45.75078243506499
1211,-23.028607441130887,-47.030601733393354
1212,-23.902670093486773,-46.39345860592643
1213,-23.7408822112787,-46.47516201637989
1214,-23.339807719131446,-46.6377536500202
1215,-22.762643647474295,-45.70353388157204
1216,-22.5909925180693,-45.67269213758313
1217,-22.536372362169114,-45.740841553836596
1218,-23.36522556861165,-47.03087764662845
1219,-23.86925506144735,-46.6332205653584
1220,-22.522388850399473,-45.69089741797029
1221,-23.736474386183367,-46.575510190660964
1222,-23.79769355956324,-46.635467464098575
1223,-23.46726889288754,-46.99247133724964
1224,-22.348386137202155,-45.50251730158654
1225,-23.721956752062454,-46.578728510537
1226,-23.677109078713645,-46.43878065062504
1227,-23.52595017638164,-47.00672405648823
1228,-23.388278922779367,-47.15830930682387
1229,-22.465728161802232,-45.70438011716754
1230,-23.309013888590087,-47.119036649253566
1231,-23.611957912485764,-46.78716586861149
1232,-23.13562851620725,-46.89806562333095
1233,-23.192269035901788,-47.09208261947207
1234,-23.45665054251745,-46.617426554672186
1235,-22.794851251107524,-45.857134212687136
1236,-23.606610556822897,-46.58323629515002
1237,-23.631706185697336,-46.55855002724091
1238,-22.430866484020722,-45.82600726273068
1239,-23.051865329800222,-47.0677043494816
1240,-22.36919399068452,-45.67741766597589
1241,-23.60720011166651,-46.61646928887485
1242,-22.414950370526842,-45.7751693060896
1243,-23.638446335590665,-46.635482861121005
1244,-22.406580475243093,-45.72424960943955
1245,-23.065595931167696,-47.01361752692134
1246,-23.48410669710761,-46.901758090633194
1247,-23.620619170065382,-46.598965276835365
1248,-22.498253242528737,-45.48850352764206
1249,-22.522828261135974,-45.78265886630774
1250,-23.3694023305941,-46.584449319203685
1251,-23.30497548746499,-46.94689208461842
1252,-22.718274557828142,-45.700939918254264
1253,-23.353977614045174,-46.94077632242043
1254,-23.27636965696655,-47.23706701820394
1255,-23.467041209760247,-46.51713056301246
1256,-23.58842906241166,-46.61374236454597
1257,-23.515090884780047,-46.959065862089446
1258,-22.385487413451116,-45.67233429739871
1259,-23.636674541227706,-46.67365877097084
1260,-23.854304330231923,-46.40427843260504
1261,-22.947322891818025,-45.65904337289632
1262,-23.500016068763472,-46.58097691682205
1263,-23.39164552186583,-47.10330849106242
1264,-22.34341059459959,-45.83110214428317
1265,-22.35611103971974,-45.91379323466254
1266,-22.35889430881061,-45.530145001728826
1267,-23.274858950253627,-47.042788424681184
1268,-23.738298910502454,-46.65231306862782
1269,-22.839858519016914,-45.71687325896619
1270,-23.567789477257453,-46.5477203418877
1271,-23.20701739794179,-47.004688813037276
1272,-23.25841564772758,-47.01564351441697
1273,-23.031870197280877,-46.97387357694004
1274,-22.812109508081324,-45.609825514816514
1275,-23.455320563234785,-46.94242023503096
1276,-23.521166720647074,-46.55828601519509
1277,-22.32309023215155,-45.67622100585179
1278,-22.45338916245177,-46.00239439558978
1279,-22.52969769298676,-45.79715133450658
1280,-22.529657403267613,-45.60040207680236
1281,-23.738119728031624,-46.63932803758233
1282,-23.7900419533905,-46.65742943131727
1283,-22.63662223277083,-45.65087769384991
1284,-22.464033269285945,-45.59142577095003
1285,-23.887827697433693,-46.68109277853127
1286,-22.79363582257719,-45.67244721003712
1287,-23.572412770904645,-46.830186276517
1288,-23.54088466794128,-46.6555224212044
1289,-23.628372074347062,-46.6805434625765
1290,-22.40442085698871,-45.630568269788945
1291,-23.626296366409715,-46.64618032884071
1292,-23.812528208357794,-46.461220698772856
1293,-23.31438850683962,-47.13233114673482
1294,-22.388165695533484,-45.68707215166854
1295,-22.299406444088156,-45.673971443380495
1296,-23.55564724225929,-46.39732598453446
1297,-22.666107186573075,-45.625925203106306
1298,-23.683726792228494,-46.38933149215067
1299,-23.150601810118296,-46.87353729106882
1300,-22.430009256674012,-45.746740355369944
1301,-23.696920212774682,-46.36075175329996
1302,-22.504988444977304,-45.65550153990528
1303,-22.620403413709493,-45.75130206153512
1304,-22.282966473933335,-45.79111813882479
1305,-23.620789863944044,-46.512609177426484
1306,-23.63308990494041,-46.620172234596645
1307,-22.688311295034246,-45.77961316320601
1308,-23.472210587867984,-46.586221090740715
1309,-22.499620201517406,-45.59302054002906
1310,-22.295327204316322,-45.560342012284686
1311,-22.439597051081716,-45.74627456137682
1312,-22.453342079788207,-45.82688058700763
1313,-22.7401598655956,-45.77400228242948
1314,-23.64873702168021,-46.67604330046563
1315,-23.572497074798438,-46.745211667768366
1316,-23.29527273224326,-47.08259627419826
1317,-23.446908374011716,-47.00926522850966
1318,-23.368461192024093,-47.00475040886305
1319,-23.385111136601573,-47.09159565890493
1320,-23.7301863559713,-46.58050775627219
1321,-22.481734041885137,-45.929955430699515
1322,-23.82225464624964,-46.686683321283674
1323,-23.487829186699855,-47.10326398554714
1324,-23.565811334248085,-46.61905947211464
1325,-23.423257957095636,-46.91208989222483
1326,-22.570526494877416,-45.66886415539947
1327,-23.238227894583858,-47.10119149286309
1328,-23.381881730526366,-47.15958345619036
1329,-23.579289455444318,-46.66791097242326
1330,-22.462365334131377,-45.643510769264296
1331,-22.73957265779068,-45.64866491393908
1332,-22.460850338099373,-45.83331230033433
1333,-23.41949350888021,-47.11324648258152
1334,-23.871008224828465,-46.501575241802534
1335,-23.364034812423316,-47.089867229080454
1336,-22.469608914896565,-45.81437110832368
1337,-23.43074198808011,-47.06461319787132
1338,-23.649855494371057,-46.666035118869914
1339,-22.59077436298843,-45.706809222099196
1340,-23.546657645336627,-46.66969686912079
1341,-23.629606258819795,-46.67316182455397
1342,-22.677004010484335,-45.589068760633346
1343,-23.409098734457398,-47.005354062386196
1344,-23.068614720083932,-47.019675030458025
1345,-22.38004715155374,-45.64550226209188
1346,-22.551048530221028,-45.68498774397302
1347,-23.14924694891513,-47.10844037673594
1348,-23.192485170333516,-47.122279582827936
1349,-23.201383152471177,-47.11144753848989
1350,-23.485748545886246,-46.65134597597465
1351,-23.757941063742884,-46.763008201151834
1352,-24.030226411334574,-46.6830439687553
1353,-22.428713137672716,-45.78932865661923
1354,-22.464335006185532,-45.78190044708076
1355,-22.727303998064706,-45.72580507913506
1356,-22.308934747874996,-45.698031476073254
1357,-22.275056270332612,-45.757171746558484
1358,-23.400081227205508,-46.85306340334215
1359,-23.83929938930495,-46.429080827640554
1360,-23.260274029329764,-47.002422515381376
1361,-22.43914596377894,-45.72892930102558
1362,-23.157519178508313,-46.96648414763478
1363,-23.33670364059895,-47.21855713126719
1364,-23.81556641736715,-46.68934841205535
1365,-23.291892607229705,-47.0050816011575
1366,-22.492830762314536,-45.62934747217295
1367,-23.774364813669322,-46.46913013215821
1368,-23.554694743599917,-46.705862986186716
1369,-22.556060322891796,-45.87420276651756
1370,-23.812381895089096,-46.5558387580554
1371,-23.284453214648703,-47.134264302992044
1372,-23.46792541499008,-47.02818478536205
1373,-22.294956627994544,-45.63144890801878
1374,-23.955324519975285,-46.56695969841697
1375,-22.529571281777564,-45.487414247061864
1376,-22.572266275932297,-45.70495723424946
1377,-23.464286479688973,-47.122640429318196
1378,-22.588333228115793,-45.64173037765052
1379,-23.6780320444849,-46.53104716529957
1380,-23.18858532050436,-47.06841136198821
1381,-23.396533019019248,-46.932972874935444
1382,-23.305350485255794,-46.92037743742248
1383,-23.55084239938232,-46.847640362642274
1384,-23.3700178851898,-46.64713418594554
1385,-23.79324490014449,-46.487933193887784
1386,-23.20340546208909,-47.11416265930579
1387,-23.27198308132159,-47.01957165825841
1388,-23.669734918048132,-46.53075811946109
1389,-23.29370721660664,-46.92492114267838
1390,-22.238768092566033,-45.86437801605892
1391,-23.518801573597024,-46.55295869781925
1392,-23.245889519543468,-47.03636896492826
1393,-22.632894308219896,-45.75559138348863
1394,-23.67720930164552,-46.532113138161776
1395,-23.16756258402824,-47.11528469340814
1396,-22.588302066969824,-45.530051402163465
1397,-23.697566126831383,-46.733490050378705
1398,-23.880617702397366,-46.48912844199305
1399,-23.0632644829258,-47.174033440233195
1400,-22.676214105332203,-45.691718888102706
1401,-23.286095374647644,-47.0252150624907
1402,-23.640056293951595,-46.41671903223757
1403,-23.421195553772506,-47.190010117625384
1404,-22.45653601297415,-45.78118380501129
1405,-22.28319114509471,-45.78965908198772
1406,-23.185500856252037,-46.90950365688963
1407,-23.732113381821826,-46.7729667334456
1408,-23.77009847107062,-46.67534873610313
1409,-23.294242001219306,-46.80905378964154
1410,-23.389759420170446,-46.89350927173265
1411,-22.48064317081078,-45.711569640344024
1412,-23.60749641691426,-46.59119523735014
1413,-23.632339050484337,-46.41020682945332
1414,-23.94773426078606,-46.71294018894617
1415,-22.491090399961017,-45.688303913956396
1416,-23.739348456179908,-46.59156384825504
1417,-22.858709541660566,-45.89662618379913
1418,-22.64508703113637,-45.67069002271663
1419,-22.75638806899438,-45.6227150533401
1420,-23.288590838202598,-47.05136954033586
1421,-23.652595796209866,-46.58445088176665
1422,-23.679094040806017,-46.59576072108964
1423,-23.395144651750645,-47.168415798086166
1424,-23.718985147997092,-46.52542046418525
1425,-23.69542322363131,-46.61680245291416
1426,-23.652938866426254,-46.609178084821586
1427,-22.753139149319917,-45.803272428558344
1428,-23.231764714747584,-47.031396639137924
1429,-23.279063850491838,-47.289555822711186
1430,-23.860579756414253,-46.61482818443091
1431,-22.638507264724403,-45.63358884773979
1432,-22.439942191032866,-45.631149971686064
1433,-23.416853990209805,-47.245273577310684
1434,-23.109311053218704,-46.85867548856488
1435,-23.379266927248196,-47.05816244833474
1436,-22.416719108697787,-45.77579139809205
1437,-23.47196996242884,-47.1254457358291
1438,-23.681365291936793,-46.561026836720856
1439,-23.277451048961133,-47.04026900884052
1440,-23.10612936140013,-47.23589959439817
1441,-23.82948556581983,-46.53263787686858
1442,-22.518632427237662,-45.73336412054971
1443,-23.306417751903158,-47.08626355646753
1444,-22.4413142020377,-45.66531285562356
1445,-22.37212470898833,-45.83895256478876
1446,-22.539256197635343,-45.6432204407305
1447,-22.63233338550182,-45.59210851998615
1448,-23.71623047319686,-46.39331673651971
1449,-22.4848057489406,-45.5518766903925
1450,-22.53941057229504,-46.00328497526878
1451,-22.62926140984343,-45.51469038367511
1452,-23.34848473813107,-47.05899842871271
1453,-23.57387631859434,-46.59705123348261
1454,-23.70989047433588,-46.62064673173897
1455,-23.41722038765358,-46.78119253127574
1456,-23.397938028862026,-46.860032888031505
1457,-23.341766157768937,-47.0634702751638
1458,-23.522282862210233,-47.112635308107365
1459,-23.49195633382994,-46.723579460495735
1460,-23.24012137478051,-46.91743639636153
1461,-23.399136143178335,-47.04248924390014
1462,-23.27321079274993,-47.14694341990183
1463,-23.32447264832261,-47.170437744590195
1464,-23.351225611651067,-47.10295834847369
1465,-23.065904022668235,-47.04163631194722
1466,-23.178475546191176,-46.954146104873246
1467,-22.540728858625418,-45.72801183979665
1468,-23.55326367799678,-46.435024239892414
1469,-22.487910899929407,-45.736958440184566
1470,-23.6668885998749,-46.56692775192945
1471,-22.385171885321455,-45.66825417801827
1472,-22.408559451527807,-45.61155144225614
1473,-23.205842734423904,-47.17061201468242
1474,-23.269166107405358,-46.97570040439047
1475,-23.303353080530645,-46.70495469389712
1476,-23.3119578578349,-47.16745202144703
1477,-23.205393534643154,-47.11184061609733
1478,-23.502558516065893,-46.694474129205645
1479,-22.462240053246962,-45.782682789195
1480,-22.47800429918536,-45.60345140788053
1481,-22.485553458595724,-45.79648850819204
1482,-23.09851642956828,-47.11053955295069
1483,-22.7874753705371,-45.827116298695906
1484,-23.788808104823204,-46.664109388364984
1485,-23.64047879319521,-46.61537699948825
1486,-23.92611810158528,-46.60893539151744
1487,-22.87157228322558,-45.93205150807966
1488,-22.37672866132719,-45.70529669529614
1489,-22.438401826565705,-45.75532276581236
1490,-23.775023428495963,-46.38550558597396
1491,-23.713964036863278,-46.60420986461854
1492,-23.372015136053513,-46.50239685517029
1493,-23.96216662433748,-46.53845316334209
1494,-23.837815665473695,-46.54458486962448
1495,-23.522609064904113,-46.58408653490937
1496,-23.637195562867376,-46.784782527904994
1497,-22.550497894953647,-45.7202538796915
1498,-22.636252840414237,-45.704382085757324
1499,-22.662665665891524,-45.72078517020856
